"iPhone 11 ","2900","Goiânia, Setor Urias Magalhães","https://go.olx.com.br/grande-goiania-e-anapolis/celulares/iphone-11-1016313749"
"iPhone 11 ","2900","Goiânia, Parque Amazônia","https://go.olx.com.br/grande-goiania-e-anapolis/celulares/iphone-11-1015015954"
"iPhone 11","2900","Aparecida de Goiânia, Jardim Dom Bosco","https://go.olx.com.br/grande-goiania-e-anapolis/celulares/iphone-11-1012642389"
"iPhone 11 ","2900","Goiânia, Parque Anhanguera II","https://go.olx.com.br/grande-goiania-e-anapolis/celulares/iphone-11-1016897804"
"iPhone 11","2900","Goiânia, Parque Oeste Industrial","https://go.olx.com.br/grande-goiania-e-anapolis/celulares/iphone-11-1009612524"
"iPhone 11","2900","Goiânia, Rodoviário","https://go.olx.com.br/grande-goiania-e-anapolis/celulares/iphone-11-1017483099"
"iPhone 11 64gb","2900","Goiânia, Setor Campinas","https://go.olx.com.br/grande-goiania-e-anapolis/celulares/iphone-11-64gb-1016935816"
"iPhone 11 64GB ","2900","Goiânia, Setor Urias Magalhães","https://go.olx.com.br/grande-goiania-e-anapolis/celulares/iphone-11-64gb-1017367862"
"IPHONE 11 64GB ","2900","Goiânia, Jardim América","https://go.olx.com.br/grande-goiania-e-anapolis/celulares/iphone-11-64gb-1014514412"
"Iphone 11 64gb ","2900","Aparecida de Goiânia, Jardim das Esmeraldas","https://go.olx.com.br/grande-goiania-e-anapolis/celulares/iphone-11-64gb-1012321178"
"iPhone 11 128gb ","2900","Senador Canedo","https://go.olx.com.br/grande-goiania-e-anapolis/celulares/iphone-11-128gb-1016935564"
"iPhone 11 128gb","2900","Goiânia, Goiânia 2","https://go.olx.com.br/grande-goiania-e-anapolis/celulares/iphone-11-128gb-1016814919"
"Iphone 11 256gb ","2900","Planaltina, Setor Leste","https://go.olx.com.br/grande-goiania-e-anapolis/celulares/iphone-11-256gb-1004662664"
"iPhone 11 64gb ","2900","Goiânia, Setor Aeroporto","https://go.olx.com.br/grande-goiania-e-anapolis/celulares/iphone-11-64gb-1019423965"
"iPhone 11 Vermelho ","2900","Goiânia, Jardim Lageado","https://go.olx.com.br/grande-goiania-e-anapolis/celulares/iphone-11-vermelho-1009752614"
"IPhone 11 64gb Preto ","2900","Goiânia","https://go.olx.com.br/grande-goiania-e-anapolis/celulares/iphone-11-64gb-preto-1019584280"
"iPhone 11 64GB Vermelho ","2900","Goiânia, Jardim Europa","https://go.olx.com.br/grande-goiania-e-anapolis/celulares/iphone-11-64gb-vermelho-1015418119"
"IPhone 11 red impecável ","2900","Goiânia, St Campinas","https://go.olx.com.br/grande-goiania-e-anapolis/celulares/iphone-11-red-impecavel-1019337395"
"iPhone 11, 64 GB","2900","Goiânia, Setor Marista","https://go.olx.com.br/grande-goiania-e-anapolis/celulares/iphone-11-64-gb-1019111838"
"iPhone 11 64gb PRETO","2900","Goiânia, Parque João Braz - Cidade Industrial","https://go.olx.com.br/grande-goiania-e-anapolis/celulares/iphone-11-64gb-preto-1013953460"
"iPhone 11 64gb seminovos ","2900","Goiânia, Parque Amazônia","https://go.olx.com.br/grande-goiania-e-anapolis/celulares/iphone-11-64gb-seminovos-1015015811"
"Promoção /  IPhone 11 64gb ","2900","Goiânia","https://go.olx.com.br/grande-goiania-e-anapolis/celulares/promocao-iphone-11-64gb-1014036371"
"iPhone 11 64 gigas COM GARANTIA ","2900","Goiânia, Jardim Planalto","https://go.olx.com.br/grande-goiania-e-anapolis/celulares/iphone-11-64-gigas-com-garantia-1016716339"
"IPhone 11 64gb / 128gb (todos com ganharia ) ","2900","Goiânia","https://go.olx.com.br/grande-goiania-e-anapolis/celulares/iphone-11-64gb-128gb-todos-com-ganharia-1015520618"
"iPhone 11 . Muito novo . Original ","2900","Goiânia","https://go.olx.com.br/grande-goiania-e-anapolis/celulares/iphone-11-muito-novo-original-1015596323"
"Impecável , iPhone 11 64gb . Branco ","2900","Goiânia","https://go.olx.com.br/grande-goiania-e-anapolis/celulares/impecavel-iphone-11-64gb-branco-1014035632"
"Vendo iPhone 11 64 gb","2900","Goiânia, Setor Sul","https://go.olx.com.br/grande-goiania-e-anapolis/celulares/vendo-iphone-11-64-gb-1013916900"
"IPhone 11 64gb impecável . Oferta ","2900","Goiânia","https://go.olx.com.br/grande-goiania-e-anapolis/celulares/iphone-11-64gb-impecavel-oferta-1014035335"
"IPhone 11 64gb  . Todos seminovos . 100% ","2900","Goiânia","https://go.olx.com.br/grande-goiania-e-anapolis/celulares/iphone-11-64gb-todos-seminovos-100-1000971834"
"IPhone 11 64 Gbs (Semi Novo)","2900","Goiânia, Setor Campinas","https://go.olx.com.br/grande-goiania-e-anapolis/celulares/iphone-11-64-gbs-semi-novo-1016365569"
"IPHONE 11 BRANCO 64GB FAÇO ENTREGA ","2900","Aparecida de Goiânia, Jardim Imperial","https://go.olx.com.br/grande-goiania-e-anapolis/livros-e-revistas/iphone-11-branco-64gb-faco-entrega-1019372157"
"iPhone 11 128GB - Unico Dono Goiania","2900","Goiânia, Setor Novo Horizonte","https://go.olx.com.br/grande-goiania-e-anapolis/celulares/iphone-11-128gb-unico-dono-goiania-1017992055"
"IPhone 11 64g  ( original, nunca aberto)","2900","Goiânia, Conjunto Vera Cruz","https://go.olx.com.br/grande-goiania-e-anapolis/celulares/iphone-11-64g-original-nunca-aberto-1011017356"
"iPhone 11 preto 64gb com nota fiscal ","2900","Goiânia, Jardim Curitiba","https://go.olx.com.br/grande-goiania-e-anapolis/celulares/iphone-11-preto-64gb-com-nota-fiscal-1019494754"
"Iphone 11, 128 GB - Semi novo","2900","Goiânia, Setor Bueno","https://go.olx.com.br/grande-goiania-e-anapolis/celulares/iphone-11-128-gb-semi-novo-1019486846"
"Vendo IPhone 11, 128 GB, Branco","2900","Goiânia, Setor Bueno","https://go.olx.com.br/grande-goiania-e-anapolis/celulares/vendo-iphone-11-128-gb-branco-1007035841"
"IPhone 11 Pro 64Gb sem detalhe único dono","2900","Goiânia, Parque Amazônia","https://go.olx.com.br/grande-goiania-e-anapolis/celulares/iphone-11-pro-64gb-sem-detalhe-unico-dono-1018804240"
"Iphone 11 256gb BAIXOU semi novo!!!! URGENTE","2900","Goiânia, Moinho dos Ventos","https://go.olx.com.br/grande-goiania-e-anapolis/celulares/iphone-11-256gb-baixou-semi-novo--urgente-1018465961"
"iPhone 11 Pro Max 64GB Gold Com Caixa ","2900","Goiânia","https://go.olx.com.br/grande-goiania-e-anapolis/celulares/iphone-11-pro-max-64gb-gold-com-caixa-1017638987"
"IPhone 11 128gb / 64gb . Leia descrição e valores . ","2900","Goiânia","https://go.olx.com.br/grande-goiania-e-anapolis/celulares/iphone-11-128gb-64gb-leia-descricao-e-valores-1015609978"
"IPhone 11 64gb , valores na descrição e informações . Xr ","2900","Goiânia","https://go.olx.com.br/grande-goiania-e-anapolis/celulares/iphone-11-64gb-valores-na-descricao-e-informacoes-xr-1015201396"
"iPhone 11 64GB branco - até 18x no cartão !!","2900","Goiânia, Setor Pedro Ludovico","https://go.olx.com.br/grande-goiania-e-anapolis/celulares/iphone-11-64gb-branco-ate-18x-no-cartao-1008588541"
"IPhone 11 64gb . Pronta entrega . Todo original . Leia valores ","2900","Goiânia","https://go.olx.com.br/grande-goiania-e-anapolis/celulares/iphone-11-64gb-pronta-entrega-todo-original-leia-valores-1015595865"
"IPhone 11 64gb . Chama no WhatsApp do anúncio . XS ","2900","Goiânia","https://go.olx.com.br/grande-goiania-e-anapolis/celulares/iphone-11-64gb-chama-no-whatsapp-do-anuncio-xs-1006851106"
"IPhone 11 64gb . Leia descrição e valores . 13 , xr , xs , 8 ","2900","Goiânia","https://go.olx.com.br/grande-goiania-e-anapolis/celulares/iphone-11-64gb-leia-descricao-e-valores-13-xr-xs-8-1015201364"
"IPhone 11 64gb . Chama no WhatsApp . Leia descrição e valores . Xr , 13 ","2900","Goiânia","https://go.olx.com.br/grande-goiania-e-anapolis/celulares/iphone-11-64gb-chama-no-whatsapp-leia-descricao-e-valores-xr-13-1015361529"
"iPhone 11!!","2950","Goiânia, St Oeste","https://go.olx.com.br/grande-goiania-e-anapolis/celulares/iphone-11-1018773499"
"iPhone 11 ","2900","Goiânia, Setor Urias Magalhães","https://go.olx.com.br/grande-goiania-e-anapolis/celulares/iphone-11-1016313749"
"iPhone 11 ","2900","Goiânia, Parque Amazônia","https://go.olx.com.br/grande-goiania-e-anapolis/celulares/iphone-11-1015015954"
"iPhone 11","2900","Aparecida de Goiânia, Jardim Dom Bosco","https://go.olx.com.br/grande-goiania-e-anapolis/celulares/iphone-11-1012642389"
"iPhone 11 ","2900","Goiânia, Parque Anhanguera II","https://go.olx.com.br/grande-goiania-e-anapolis/celulares/iphone-11-1016897804"
"iPhone 11","2900","Goiânia, Parque Oeste Industrial","https://go.olx.com.br/grande-goiania-e-anapolis/celulares/iphone-11-1009612524"
"iPhone 11","2900","Goiânia, Rodoviário","https://go.olx.com.br/grande-goiania-e-anapolis/celulares/iphone-11-1017483099"
"iPhone 11 64gb","2900","Goiânia, Setor Campinas","https://go.olx.com.br/grande-goiania-e-anapolis/celulares/iphone-11-64gb-1016935816"
"iPhone 11 64GB ","2900","Goiânia, Setor Urias Magalhães","https://go.olx.com.br/grande-goiania-e-anapolis/celulares/iphone-11-64gb-1017367862"
"IPHONE 11 64GB ","2900","Goiânia, Jardim América","https://go.olx.com.br/grande-goiania-e-anapolis/celulares/iphone-11-64gb-1014514412"
"Iphone 11 64gb ","2900","Aparecida de Goiânia, Jardim das Esmeraldas","https://go.olx.com.br/grande-goiania-e-anapolis/celulares/iphone-11-64gb-1012321178"
"iPhone 11 128gb ","2900","Senador Canedo","https://go.olx.com.br/grande-goiania-e-anapolis/celulares/iphone-11-128gb-1016935564"
"iPhone 11 128gb","2900","Goiânia, Goiânia 2","https://go.olx.com.br/grande-goiania-e-anapolis/celulares/iphone-11-128gb-1016814919"
"Iphone 11 256gb ","2900","Planaltina, Setor Leste","https://go.olx.com.br/grande-goiania-e-anapolis/celulares/iphone-11-256gb-1004662664"
"iPhone 11 64gb ","2900","Goiânia, Setor Aeroporto","https://go.olx.com.br/grande-goiania-e-anapolis/celulares/iphone-11-64gb-1019423965"
"iPhone 11 Vermelho ","2900","Goiânia, Jardim Lageado","https://go.olx.com.br/grande-goiania-e-anapolis/celulares/iphone-11-vermelho-1009752614"
"IPhone 11 64gb Preto ","2900","Goiânia","https://go.olx.com.br/grande-goiania-e-anapolis/celulares/iphone-11-64gb-preto-1019584280"
"iPhone 11 64GB Vermelho ","2900","Goiânia, Jardim Europa","https://go.olx.com.br/grande-goiania-e-anapolis/celulares/iphone-11-64gb-vermelho-1015418119"
"IPhone 11 red impecável ","2900","Goiânia, St Campinas","https://go.olx.com.br/grande-goiania-e-anapolis/celulares/iphone-11-red-impecavel-1019337395"
"iPhone 11, 64 GB","2900","Goiânia, Setor Marista","https://go.olx.com.br/grande-goiania-e-anapolis/celulares/iphone-11-64-gb-1019111838"
"iPhone 11 64gb PRETO","2900","Goiânia, Parque João Braz - Cidade Industrial","https://go.olx.com.br/grande-goiania-e-anapolis/celulares/iphone-11-64gb-preto-1013953460"
"iPhone 11 64gb seminovos ","2900","Goiânia, Parque Amazônia","https://go.olx.com.br/grande-goiania-e-anapolis/celulares/iphone-11-64gb-seminovos-1015015811"
"Promoção /  IPhone 11 64gb ","2900","Goiânia","https://go.olx.com.br/grande-goiania-e-anapolis/celulares/promocao-iphone-11-64gb-1014036371"
"iPhone 11 64 gigas COM GARANTIA ","2900","Goiânia, Jardim Planalto","https://go.olx.com.br/grande-goiania-e-anapolis/celulares/iphone-11-64-gigas-com-garantia-1016716339"
"IPhone 11 64gb / 128gb (todos com ganharia ) ","2900","Goiânia","https://go.olx.com.br/grande-goiania-e-anapolis/celulares/iphone-11-64gb-128gb-todos-com-ganharia-1015520618"
"iPhone 11 . Muito novo . Original ","2900","Goiânia","https://go.olx.com.br/grande-goiania-e-anapolis/celulares/iphone-11-muito-novo-original-1015596323"
"Impecável , iPhone 11 64gb . Branco ","2900","Goiânia","https://go.olx.com.br/grande-goiania-e-anapolis/celulares/impecavel-iphone-11-64gb-branco-1014035632"
"Vendo iPhone 11 64 gb","2900","Goiânia, Setor Sul","https://go.olx.com.br/grande-goiania-e-anapolis/celulares/vendo-iphone-11-64-gb-1013916900"
"IPhone 11 64gb impecável . Oferta ","2900","Goiânia","https://go.olx.com.br/grande-goiania-e-anapolis/celulares/iphone-11-64gb-impecavel-oferta-1014035335"
"IPhone 11 64gb  . Todos seminovos . 100% ","2900","Goiânia","https://go.olx.com.br/grande-goiania-e-anapolis/celulares/iphone-11-64gb-todos-seminovos-100-1000971834"
"IPhone 11 64 Gbs (Semi Novo)","2900","Goiânia, Setor Campinas","https://go.olx.com.br/grande-goiania-e-anapolis/celulares/iphone-11-64-gbs-semi-novo-1016365569"
"IPHONE 11 BRANCO 64GB FAÇO ENTREGA ","2900","Aparecida de Goiânia, Jardim Imperial","https://go.olx.com.br/grande-goiania-e-anapolis/livros-e-revistas/iphone-11-branco-64gb-faco-entrega-1019372157"
"iPhone 11 128GB - Unico Dono Goiania","2900","Goiânia, Setor Novo Horizonte","https://go.olx.com.br/grande-goiania-e-anapolis/celulares/iphone-11-128gb-unico-dono-goiania-1017992055"
"IPhone 11 64g  ( original, nunca aberto)","2900","Goiânia, Conjunto Vera Cruz","https://go.olx.com.br/grande-goiania-e-anapolis/celulares/iphone-11-64g-original-nunca-aberto-1011017356"
"iPhone 11 preto 64gb com nota fiscal ","2900","Goiânia, Jardim Curitiba","https://go.olx.com.br/grande-goiania-e-anapolis/celulares/iphone-11-preto-64gb-com-nota-fiscal-1019494754"
"Iphone 11, 128 GB - Semi novo","2900","Goiânia, Setor Bueno","https://go.olx.com.br/grande-goiania-e-anapolis/celulares/iphone-11-128-gb-semi-novo-1019486846"
"Vendo IPhone 11, 128 GB, Branco","2900","Goiânia, Setor Bueno","https://go.olx.com.br/grande-goiania-e-anapolis/celulares/vendo-iphone-11-128-gb-branco-1007035841"
"IPhone 11 Pro 64Gb sem detalhe único dono","2900","Goiânia, Parque Amazônia","https://go.olx.com.br/grande-goiania-e-anapolis/celulares/iphone-11-pro-64gb-sem-detalhe-unico-dono-1018804240"
"Iphone 11 256gb BAIXOU semi novo!!!! URGENTE","2900","Goiânia, Moinho dos Ventos","https://go.olx.com.br/grande-goiania-e-anapolis/celulares/iphone-11-256gb-baixou-semi-novo--urgente-1018465961"
"iPhone 11 Pro Max 64GB Gold Com Caixa ","2900","Goiânia","https://go.olx.com.br/grande-goiania-e-anapolis/celulares/iphone-11-pro-max-64gb-gold-com-caixa-1017638987"
"IPhone 11 128gb / 64gb . Leia descrição e valores . ","2900","Goiânia","https://go.olx.com.br/grande-goiania-e-anapolis/celulares/iphone-11-128gb-64gb-leia-descricao-e-valores-1015609978"
"IPhone 11 64gb , valores na descrição e informações . Xr ","2900","Goiânia","https://go.olx.com.br/grande-goiania-e-anapolis/celulares/iphone-11-64gb-valores-na-descricao-e-informacoes-xr-1015201396"
"iPhone 11 64GB branco - até 18x no cartão !!","2900","Goiânia, Setor Pedro Ludovico","https://go.olx.com.br/grande-goiania-e-anapolis/celulares/iphone-11-64gb-branco-ate-18x-no-cartao-1008588541"
"IPhone 11 64gb . Pronta entrega . Todo original . Leia valores ","2900","Goiânia","https://go.olx.com.br/grande-goiania-e-anapolis/celulares/iphone-11-64gb-pronta-entrega-todo-original-leia-valores-1015595865"
"IPhone 11 64gb . Chama no WhatsApp do anúncio . XS ","2900","Goiânia","https://go.olx.com.br/grande-goiania-e-anapolis/celulares/iphone-11-64gb-chama-no-whatsapp-do-anuncio-xs-1006851106"
"IPhone 11 64gb . Leia descrição e valores . 13 , xr , xs , 8 ","2900","Goiânia","https://go.olx.com.br/grande-goiania-e-anapolis/celulares/iphone-11-64gb-leia-descricao-e-valores-13-xr-xs-8-1015201364"
"IPhone 11 64gb . Chama no WhatsApp . Leia descrição e valores . Xr , 13 ","2900","Goiânia","https://go.olx.com.br/grande-goiania-e-anapolis/celulares/iphone-11-64gb-chama-no-whatsapp-leia-descricao-e-valores-xr-13-1015361529"
"iPhone 11!!","2950","Goiânia, St Oeste","https://go.olx.com.br/grande-goiania-e-anapolis/celulares/iphone-11-1018773499"
"iPhone 11 64gb","2950","Goiânia, Setor Cândida de Morais","https://go.olx.com.br/grande-goiania-e-anapolis/celulares/iphone-11-64gb-1011949035"
"iPhone 11 64gb","2950","Goiânia, Setor Sudoeste","https://go.olx.com.br/grande-goiania-e-anapolis/celulares/iphone-11-64gb-1005859932"
"iPhone 11 branco ","2950","Goiânia, Parque João Braz - Cidade Industrial","https://go.olx.com.br/grande-goiania-e-anapolis/celulares/iphone-11-branco-1019536147"
"iPhone 11 64GB ","2950","Goiânia, Residencial Itamaracá","https://go.olx.com.br/grande-goiania-e-anapolis/celulares/iphone-11-64gb-1016162781"
"iPhone 11 64gb","2950","Anápolis, Jundiaí","https://go.olx.com.br/grande-goiania-e-anapolis/celulares/iphone-11-64gb-1011263668"
"iPhone 11 64 ","2950","Goiânia","https://go.olx.com.br/grande-goiania-e-anapolis/celulares/iphone-11-64-1007290056"
"IPHONE 11 64GB (descrição) ","2950","Goiânia, Setor Campinas","https://go.olx.com.br/grande-goiania-e-anapolis/celulares/iphone-11-64gb-descricao-1015926028"
"iPhone 11 64gb branco ","2950","Goiânia, Residencial Fonte das Águas","https://go.olx.com.br/grande-goiania-e-anapolis/celulares/iphone-11-64gb-branco-1018860481"
"Vendo iPhone 11 64gb","2950","Goiânia, St Campinas","https://go.olx.com.br/grande-goiania-e-anapolis/celulares/vendo-iphone-11-64gb-1016037733"
"IPHONE 11 SEMI NOVO (DESCRIÇÃO) ","2950","Goiânia, Setor Campinas","https://go.olx.com.br/grande-goiania-e-anapolis/celulares/iphone-11-semi-novo-descricao-1013695607"
"Iphone 11 256gb Semi novo... URGENTE!!!","2950","Goiânia, Moinho dos Ventos","https://go.olx.com.br/grande-goiania-e-anapolis/celulares/iphone-11-256gb-semi-novo-urgente-1019541294"
"iPhone 11 Pro 64Gb, status de novo sem detalhe ","2950","Goiânia, Jardim Goiás","https://go.olx.com.br/grande-goiania-e-anapolis/celulares/iphone-11-pro-64gb-status-de-novo-sem-detalhe-1018808141"
"Iphne 11 de vitrine ","2950","Goiânia, Setor Oeste","https://go.olx.com.br/grande-goiania-e-anapolis/celulares/iphne-11-de-vitrine-1018843018"
"11 64 - CAIXA E CARREGADOR ","2950","Aparecida de Goiânia, Jardim Tropical","https://go.olx.com.br/grande-goiania-e-anapolis/celulares/11-64-caixa-e-carregador-1009760185"
